{
    "sizes": [
        1000,
        2000,
        3000,
        4000,
        5000,
        6000,
        7000,
        8000,
        9000,
        10000
    ],
    "bst_create": [
        0.019088536497292807,
        0.08377492475119652,
        0.16937039099866524,
        0.3812867215019651,
        0.6183057404959982,
        0.8794015085004503,
        1.168203810993873,
        1.536261887249566,
        1.960289144248236,
        2.389707493250171
    ],
    "avl_create": [
        0.00048728725232649595,
        0.0009253545067622326,
        0.0013483572511177044,
        0.002972829752252437,
        0.00366148824832635,
        0.003898248000041349,
        0.004668814253818709,
        0.004820120753720403,
        0.006795060500735417,
        0.00719620099698659
    ],
    "bst_minmax": [
        1.948324279510416e-05,
        3.6109500797465444e-05,
        6.280325033003464e-05,
        9.266924826079048e-05,
        0.00012221525321365334,
        0.00012706199777312577,
        0.00016110524666146375,
        0.00021373350318754092,
        0.0002020840038312599,
        0.00026327024897909723
    ],
    "avl_minmax": [
        1.5672485460527241e-06,
        1.06200241134502e-06,
        1.1954980436712503e-06,
        1.5764962881803513e-06,
        1.8087484932038933e-06,
        1.8732534954324365e-06,
        2.1329979063011706e-06,
        1.7492529877927154e-06,
        2.636501449160278e-06,
        2.91274773189798e-06
    ],
    "bst_inorder": [
        0.00039980524888960645,
        0.0007870480003475677,
        0.0014407677517738193,
        0.001998858748265775,
        0.002550209748733323,
        0.0025766090002434794,
        0.0028831964991695713,
        0.0034087657477357425,
        0.0036965187537134625,
        0.004414726496179355
    ],
    "avl_inorder": [
        0.00016757924822741188,
        0.00025497900423943065,
        0.00048424999476992525,
        0.0007309714965231251,
        0.0009074569970835,
        0.0010370007512392476,
        0.0011420004957471974,
        0.001371323498460697,
        0.0018968409967783373,
        0.0017213507526321337
    ],
    "bst_balance": [
        0.00010797525465022773,
        0.00021547574942815118,
        0.00034353500086581334,
        0.0006953494957997464,
        0.0005646004974551033,
        0.0007224407490866724,
        0.0009215747486450709,
        0.0010577492539596278,
        0.0011558189980860334,
        0.0012663677480304614
    ]
}